{"r2": 0.552568887885921, "Mae": 33.45150822368421, "feature_importance": {"_type": "image-file", "sha256": "30f4d771c066344578e1e5b160f76119fdb47ca71fa8677b3889525141c6e602", "size": 33322, "path": "media/images/feature_importance_0_30f4d771c066344578e1.png", "format": "png", "width": 1000, "height": 1000}, "_timestamp": 1706906464.076702, "_runtime": 129.60772514343262, "_step": 0, "_wandb": {"runtime": 124}}