{"r2": 0.5507180655211765, "Mae": 33.530625, "feature_importance": {"_type": "image-file", "sha256": "18c8d04dfa4fbf50fec130ca75df7ebfe6c196b598390a0ffdc6b5ad004cbd2d", "size": 33328, "path": "media/images/feature_importance_0_18c8d04dfa4fbf50fec1.png", "format": "png", "width": 1000, "height": 1000}, "_timestamp": 1706906113.925653, "_runtime": 50.005029916763306, "_step": 0, "_wandb": {"runtime": 48}}