{"r2": 0.5339406885517419, "Mae": 33.565065789473685, "feature_importance": {"_type": "image-file", "sha256": "0c5964a443c246c7a8ae3aaf0ac5d41e44e6242012402684f62718da14c83501", "size": 33333, "path": "media/images/feature_importance_0_0c5964a443c246c7a8ae.png", "format": "png", "width": 1000, "height": 1000}, "_timestamp": 1706905811.3927796, "_runtime": 55.30465769767761, "_step": 0, "_wandb": {"runtime": 54}}